"a. mitchell mcconnell, jr","AMCP Security
 Holdings, LP, capital account
 Description: N/A (Greenwich,
 CT) Filer comment: Final K-1 was received in 2020. No
 more value in this.",CT,"AMCP Security
  Holdings, LP, capital account",AMCP Security
"A. Mitchell McConnell, Jr","University of Kentucky College of Law
 Lexington, Kentucky",KY,University of Kentucky College of Law,NA
amy j klobuchar,"State of Maryland (University of Baltimore)Annapolis, MD",,State of Maryland (University of Baltimore),NA
amy j klobuchar,"Georgetown UniversityWashington, DC",,Georgetown University,NA
"angus s king, jr","A WOMAN, A PART
 LLC
 Company: A WOMAN, A PART LLC (ULSTER
 PARK, NY) Description: FILM PRODUCTION
 COMPANY Filer comment: .20 NON-VOTING CLASS B
 MEMBERSHIP SHARE",NY,"A WOMAN, A PART
  LLC",A Woman A Part
"angus s king, jr","MAINE DEPT OF EDUCATIONAUGUSTA, ME",,MAINE DEPT OF EDUCATION,NA
benjamin l cardin,"Lansdowne Station
 Self Storage, LLC
 Company: Lansdowne Station Self
 Storage, LLC (Baltimore, Md) Description: Real
 Estate Filer comment: See ""Attachments and Comments"";
 evaluation based on cap rate of rental income less debt; Capital
 Account 0; Income as reflected on K1",MD,"Lansdowne Station
  Self Storage, LLC",Lansdowne Station Self Storage
Benjamin L Cardin,"University of Maryland Law School
 Baltimore, Md",MD,University of Maryland Law School,NA
Benjamin L Cardin,"University of Maryland, Balto. Co.
 Baltimore, Md",MD,"University of Maryland, Baltimore County",NA
Benjamin L Cardin,"US Naval Academy
 Annapolis, Md",MD,US Naval Academy,NA
Benjamin L Cardin,"Congressional Coalition on Adoption Institute National Angels
 in Adoption
 Washington, DC",DC,"Congressional Coalition on Adoption Institute National Angels
  in Adoption",NA
benjamin l cardin,"Venture BG,
 LLC
 Company: Venture BG, LLC (Baltimore,
 Md) Description: Real Estate Filer
 comment: See ""Attachments and Comments""; evaluation based on
 cap rate of rental income less debt; Capital Account negative;
 income as reflected K1.",MD,"Venture BG,
  LLC",Venture BG
brian e schatz,"Schatz Collaborative LLCHonolulu, HI",,Schatz Collaborative LLC,Schatz
brian e schatz,"Schatz
 Collaborative LLC
 Company: Schatz Collaborative LLC
 (Honolulu, HI) Description: Community based real
 estate development consulting services",HI,"Schatz
  Collaborative LLC",Schatz Collaborative
catherine cortez masto,"Universal Security SpecialistsLas Vegas, Nevada",,Universal Security Specialists,Universal Security Specialists
charles e grassley,"Farmer's
 Cooperative Co.
 Description: Cooperative (New Hartford,
 Iowa)",IA,"Farmer's
  Cooperative Co.",Farmer's Cooperative
charles e grassley,"Farm Land-all
 located in Butler County, Iowa, Beaver Township
 Description: Sec. 24, Rng. 15-72 A (New
 Hartford, Iowa) Filer comment: Combined Farm Income
 for all farmland: $223,956 less expenses $47,617 = $176,339 NET.
 Not possible to seperate income by individual farm.",IA,Farm Land,NA
charles e grassley,"Farm Land-all
 located in Butler County, Iowa, Beaver Township
 Description: Sec. 16, Rng. 15-118 A
 (New Hartford, Iowa) Filer comment: See comments in
 Item 2 for explanation of Net Income for all farmland. Not possible
 to separate income by farm. Land being sold under long-term
 contract.",IA,Farm Land,NA
charles e grassley,"Farm Land-All
 located in Butler County, Iowa, Beaver Township
 Description: Sec. 16, Rng. 15 - 40 A
 (New Hartford, Iowa) Filer comment: See comments in
 Item 2 for explanation of Net Income for all farmland. Not possible
 to separate income by farm. Land being sold by long-term
 contract.",IA,Farm Land,NA
charles e grassley,"Farm Land-All
 Located in Butler County, Iowa, Beaver Township
 Description: Sec. 15, Rng. 15-43 A (New
 Hartford, Iowa) Filer comment: See comments in Item 2
 for explanation of Net Income for all farmland. Not possible to
 separate income by farm. Land being sold under long-term
 contract.",IA,Farm Land,NA
charles e grassley,"Farm Land-All
 located in Butler County, Iowa, Beaver Township
 Description: Sec. 15, Rng. 15-87 A (New
 Hartford, Iowa) Filer comment: See comments in Item 2
 for explanation of Net Income for all farmland. Not possible to
 separate income by farm. Land being sold under long-term
 contract",IA,Farm Land,NA
charles e grassley,"Farm Land-All
 located in Butler County, Iowa, Beaver Township
 Description: Sec. 34, Rng.15 -114 A
 (New Hartford, Iowa) Filer comment: See comments in
 Item 2 for explanation of Net Income for all farmland. Not possible
 to separate income by farm.",IA,Farm Land,NA
charles e grassley,"Farm Land-All
 located in Butler County, Iowa, Beaver Township
 Description: Sec. 34 & 35, Rng.
 18-120 A (New Hartford, Iowa) Filer comment: See
 comments in Item 2 for explanation of Net Income for all farmland.
 Not possible to separate income by farm.",IA,Farm Land,NA
charles e grassley,"Farm Land-All
 Located in Butler County, Iowa, Beaver Township
 Description: Sec. 34, Rng. 15 - 118 A
 (New Hartford, Iowa) Filer comment: See comments in
 Item 2 for explanation of Net Income for all farmland. Not possible
 to separate income by farm.",IA,Farm Land,NA
charles e grassley,"Property Sale - 2
 acre Farmstead
 Debtor: Robin & Diane
 Grassley Filer comment: Sold land on contract. Last
 payment on contract received in 2020.",,"Property Sale - 2
  acre Farmstead",NA
Charles E Grassley,"Farm-Butler County Iowa
 New Hartford & Cedar Falls, IA",IA,Farm,NA
charles e grassley,"Chambers, Conlon & HartwellWashington, DC",,"Chambers, Conlon & Hartwell",NA
charles e schumer,"US SenateWashington, DC",,US Senate,NA
charles e schumer,"The New York Public LibraryNew York, NY",,The New York Public Library,NA
Christopher A Coons,"Middle Run Charitable Foundation
 Wilmington, DE",DE,Middle Run Charitable Foundation,Middle Run Charitable
christopher a coons,"Robert Gorfam,
 Inc.
 
 Description: Holding
 Company (Newark, DE)",DE,"Robert Gorfam,
  Inc.",Robert Gorfam
christopher a coons,"Robert Gorfam,
 Inc.
 
 Description: Holding
 Company (Newark, DE)",DE,"Robert Gorfam,
  Inc.",Robert Gorfam
christopher a coons,"Robert Gorfam,
 Inc.
 
 Description: Holding
 Company (Newark, DE)",DE,"Robert Gorfam,
  Inc.",Robert Gorfam
christopher a coons,"TCS Lease
 Management LLC
 
 Company: TCS Lease Management LLC
 (Sanibel Island, Florida) Description: Rental
 Real Estate",FL,"TCS Lease
  Management LLC",TCS
christopher murphy,"Education CounselWashington, DC",,Education Counsel,NA
Christopher Murphy,"Susan B Anthony Project
 Torrington, CT",CT,Susan B Anthony Project,Susan B Anthony Project
cindy hyde-smith,"LINCOLN COUNTY LIVESTOCKBROOKHAVEN, MS",,LINCOLN COUNTY LIVESTOCK,Lincoln County Livestock
cindy hyde-smith,"MATHIS FARMS, INCBROOKHAVEN, MS",,"MATHIS FARMS, INC",Mathis Farms
cindy hyde-smith,"FARM LINCOLN
 COUNTY
 Description: BEEF FARM (BROOKHAVEN,
 MS)",MS,"FARM LINCOLN
  COUNTY",NA
cindy hyde-smith,"BEEF
 CATTLE
 Description: SALES OF RAISED AND CULL
 COWS (BROOKHAVEN, MS)",MS,"BEEF
  CATTLE",NA
Cynthia M Lummis,"Arp & Hammond Hardware Co.
 Cheyenne, WY",WY,Arp & Hammond Hardware Co.,Arp & Hammond Hardware
cynthia m lummis,"Laramie River
 Ranch LLC
 Description: Ag land (Wheatland,
 WY) Filer comment: Livestock grazing.",WY,"Laramie River
  Ranch LLC",Laramie River Ranch
cynthia m lummis,"Land and
 cattle
 Description: Lummis Livestock Company
 LLC (Cheyenne, WY) Filer comment: Income number is
 net all expenses.",WY,"Land and
  cattle",Lummis Livestock
cynthia m lummis,"Lummis Livestock CompanyCheyenne, WY",,Lummis Livestock Company,Lummis Livestock
daniel s sullivan,"Baan O Yeel
 Kon
 Description: Alaska Native Claims
 Settlement Act village corporation (Rampart, AK)",AK,"Baan O Yeel
  Kon",Baan O Yeel Kon
daniel s sullivan,"Doyon
 Limited
 Description: Alaska Native Claims
 Settlement Act regional corporation (Fairbanks,
 AK)",AK,Doyon Limited,Doyon
daniel s sullivan,"State of Alaska
 Permanent Fund
 Description: State Fund Managed by
 Alaska Permanent Fund Corp. (Juneau, AK)",AK,"State of Alaska
  Permanent Fund",NA
daniel s sullivan,"State of Alaska
 Permanent Fund
 Description: State Fund Managed by
 Alaska Permanent Fund Corp. (Juneau, AK)",AK,"State of Alaska
  Permanent Fund",NA
daniel s sullivan,"State of Alaska
 Permanent Fund
 Description: State Fund Managed by
 Alaska Permanent Fund Corp. (Juneau, AK)",AK,"State of Alaska
  Permanent Fund",NA
daniel s sullivan,"State of Alaska
 Permanent Fund
 Description: State Fund Managed by
 Alaska Permanent Fund Corp. (Juneau, AK)",AK,"State of Alaska
  Permanent Fund",NA
daniel s sullivan,"State of Alaska
 Permanent Fund
 Description: State Fund Managed by
 Alaska Permanent Fund Corp. (Juneau, AK)",AK,"State of Alaska
  Permanent Fund",NA
Daniel S Sullivan,"Thomas C. and Sandra S. Sullivan Foundation
 Cleveland, OH",OH,Thomas C. and Sandra S. Sullivan Foundation,NA
Daniel S Sullivan,"MARSOC
 Camp Legeune, NC",NC,MARSOC,NA
Daniel S Sullivan,"International Republican Institute
 Washington, DC",DC,International Republican Institute,NA
debra s fischer,"Sunny Slope Ranch, IncValentine, NE",,"Sunny Slope Ranch, Inc.",Sunny Slope Ranch
elizabeth warren,"Harvard UniversityCambridge, MA",,Harvard University,NA
gary c peters,"Meaningful Impact
 Consulting LLC
 Company: Meaningful Impact Consulting
 LLC (Bloomfield Twp,
 MI) Description: Consulting",MI,"Meaningful Impact
  Consulting LLC",Meaningful Impact Consulting
gary c peters,"Meaningful Impact Consulting LLCBloomfield Twp, MI",,Meaningful Impact Consulting LLC,Meaningful Impact Consulting
Gary C Peters,"Myself and the Michigan Legislative Retirement System
 Lansing, MI",,Myself and the Michigan Legislative Retirement System,Myself and Michigan Legislative Retirement System 
jacklyn s rosen,"Rosen Family
 Limited Partnership
 
 Company: Rosen Family Limited
 Partnership (Henderson,
 NV) Description: Investment Entity",NV,"Rosen Family
  Limited Partnership",Rosen Family 
jacklyn s rosen,"Rosen Family
 Limited Partnership
 
 Company: Rosen Family Limited
 Partnership (Henderson,
 NV) Description: Investment Entity",NV,"Rosen Family
  Limited Partnership",Rosen Family 
Jacklyn S Rosen,"Rosen Family Limited Partnership
 Henderson, NV",NV,Rosen Family Limited Partnership,Rosen Family Limited
james e risch,"Notes Owed by
 American Trailer Sales Co.
 Company: American Trailer Sales Co.
 (Boise, ID)",ID,"Notes Owed by
  American Trailer Sales Co.",American Trailer Sales
James E Risch,"Black Angus Farms LLC
 Boise, ID",ID,Black Angus Farms LLC,Black Angus
james e risch,"Black Angus Farms
 LLC
 
 Company: Black Angus Farms (Boise,
 Idaho) Description: Farming, ranching, property
 holding company",ID,"Black Angus Farms
  LLC",Black Angus Farms
james e risch,"Capital City
 Management LLC (5400 South Cole Road, Boise, ID 83709)
 
 Company: Capital City Management LLC
 (Boise, ID) Description: Real Estate Holding
 Company",ID,"Capital City Management LLC (5400 South Cole Road, Boise, ID 83709)",Capital City Management 
james e risch,"JR & JR
 Properties LLC
 
 Company: JR & JR Properties LLC
 (Boise, ID) Description: Real estate
 holding.",ID,JR & JR Properties LLC,JR & JR Properties
James E Risch,"JR & JR Properties LLC
 Boise , ID",ID,JR & JR Properties LLC,JR & JR Properties 
james e risch,"40+ Acres Land,
 Ada County, ID
 Description: Currently Operated as Farm
 and Ranch Land (Ada County, ID)",ID,"40+ Acres Land,",NA
james e risch,"40 +/- Acres Land,
 Canyon County, ID
 Description: Currently Operated as Farm
 and Ranch Land (Canyon County, ID)",ID,"40 +/- Acres Land,",NA
james e risch,"160 +/- Acres
 Land, Ada County, ID
 Description: Currently Operated as Farm
 and Ranch Land (Ada County, ID)",ID,"160 +/- Acres
  Land",NA
james e risch,"Notes owed by
 Risch for Lt. Gov. Committees Resulting from 2002 Primary Election
 Campaign, Boise, ID
 Company: Risch for Lt. Gov. Committees
 (Boise, ID)",ID,"Notes owed by
  Risch for Lt. Gov. Committees Resulting from 2002 Primary Election
  Campaign, Boise, ID",NA
James E Risch,"RFAM Limited Partnership
 Boise, ID",ID,RFAM Limited Partnership,RFAM
james p lankford,"First Baptist ChurchEl Reno, OK",OK,First Baptist Church,First Baptist Church
james p lankford,"First East Baptist ChurchLawton, OK",OK,First East Baptist Church,First East Baptist Church
james p lankford,"Gateway Community ChurchEdmond, OK",,Gateway Community Church,Gateway Community Church
James P Lankford,"Promise Keepers
 Colorado Springs, Colorado",CO,Promise Keepers,Promise Keepers
james p lankford,"Quail Springs Baptist ChurchOklahoma City, OK",,Quail Springs Baptist Church,Quail Springs Baptist Church
james p lankford,"Seward Road Baptist ChurchGuthrie, OK",,Seward Road Baptist Church,Seward Road Baptist Church
james p lankford,"Speech Language Pathology ServicesEdmond, OK",,Speech Language Pathology Services,Speech Language Pathology Services
james p lankford,"Trinity Baptist ChurchYukon, OK",,Trinity Baptist Church,Trinity Baptist Church
jeanne shaheen,"Real property at
 107 Storrs Street, Concord, NH
 Company: 107 Storrs Street, LLC
 (Concord, NH) Description: Owns commercial
 rental real property Filer comment: Mr. Shaheen has a
 1/10 interest",NH,"107 Storrs Street, LLC",107 Storrs
jeanne shaheen,"903 Central Ave,
 Dover NH
 Company: 903 Central Ave. Associates,
 LLC (Dover, NH) Description: Owns commercial
 rental real property Filer comment: Shaheen
 Enterprises, LLC has a 1/2 interest",NH,"903 Central Ave. Associates,
  LLC",903 Central
jeanne shaheen,"Atlas-Heritage
 Title Company
 Company: Atlas-Heritage Title Co., LLC
 (Dover, NH) Description: Title
 services Filer comment: Shaheen Enterprises LLC has
 had a Â½ interest in this asset.",NH,"Atlas-Heritage
  Title Company",Atlas-Heritage
jeanne shaheen,"Eco-Burner,
 LLC
 Company: Eco-Burner, LLC (Barrington,
 NH) Description: Developing an environmental oil
 burner",NH,"Eco-Burner,
  LLC",Eco-Burner
jeanne shaheen,"Emerald Group
 LLC
 Company: Emerald Group LLC (Madbury,
 NH) Description: Consulting",NH,"Emerald Group
  LLC",Emerald Group
jeanne shaheen,"Emerald Group LLCMadbury, NH",NH,Emerald Group LLC,Emerald Group
jeanne shaheen,"Promissory
 Note
 Company: Shaheen & Gordon, P.A.
 (Dover, NH)",NH,"Promissory
  Note",NA
jeanne shaheen,"Promissory
 Note
 Debtor: Ansel Grandmaison",,"Promissory
  Note",NA
jeanne shaheen,"Route 125
 Associates
 Company: Route 125 Associates (Dover,
 NH) Description: Commercial rental real
 property Filer comment: Shaheen Enterprises, LLC has
 a 1/2 interest",NH,"Route 125
  Associates",Route 125
jeanne shaheen,"Shaheen
 Enterprises, LLC
 
 Company: Shaheen Enterprises, LLC
 (Dover, NH) Description: Holding company of
 NH",NH,"Shaheen
  Enterprises, LLC",Shaheen
jeanne shaheen,"Shaheen
 Enterprises of Maine, LLC
 
 Company: Shaheen Enterprises of Maine,
 LLC (York Beach, ME) Description: Holding
 company",ME,"Shaheen
  Enterprises of Maine, LLC",Shaheen
jeanne shaheen,"Shaheen & GordonDover, NH",,Shaheen & Gordon,Shaheen
jeanne shaheen,"The Salon,
 LLC
 Company: The Salon, LLC (Dover,
 NH) Description: Beauty salon Filer
 comment: Shaheen Enterprises, LLC has a 1/2 interest in The
 Salon. Sold below the reporting threshold on 12/31/2020.",NH,"The Salon,
  LLC",The Salon
jeanne shaheen,"Trela Associates,
 LLC
 
 Company: Trela Associates, LLC (Dover,
 NH) Description: Owns commercial real
 estate",NH,"Trela Associates,
  LLC",Trela 
jeffrey a merkley,"Eye Health NWHappy Valley, OR",OR,Eye Health NW,Eye Health NW
jeffrey a merkley,"Providence HospitalPortland, OR",,Providence Hospital,NA
Jerry Moran,"University of Kansas School of Law, Board of Governors
 Lawrence, KS",KS,"University of Kansas School of Law, Board of Governors",NA
john a barrasso,"Promissory
 Note
 Company: Wyoming Orthopaedics
 Institute, LLC (Casper, WY)",WY,"Wyoming Orthopaedics
  Institute, LLC",Wyoming Orthopaedics
John A Barrasso,"Wyoming Surgical Center, LLC
 Casper, WY",,"Wyoming Surgical Center, LLC",Wyoming Surgical Center
John Cornyn,"Clements Center Statecraft Board
 Austin, Texas",TX,Clements Center Statecraft Board,NA
John Cornyn,"University of Virginia
 Charlottesville, VA",VA,University of Virginia,NA
John Cornyn,"The Kennedy Center
 Washington, DC",DC,The Kennedy Center,NA
John Hoeven,"First Western Bank & Trust
 Minot, North Dakota",ND,First Western Bank & Trust,First Western Bank
john hoeven,"Northwest
 Respiratory Services, LLC
 Company: Northwest Respiratory
 Services, LLC (St Paul,
 Minnesota) Description: Respiratory medical
 equipment and service provider",MN,"Northwest
  Respiratory Services, LLC",Northwest Respiratory
John Hoeven,"Northwest Respiratory Service, LLC
 St Paul, Minnesota",MN,"Northwest Respiratory Service, LLC",Northwest Respiratory
john hoeven,"Tompson-Hoeven
 Partnership
 
 Company: Tompson-Hoeven Partnership
 (Bismarck, North Dakota) Description: Montana
 Farmland Rental",ND,"Tompson-Hoeven
  Partnership",Thompson-Hoeven
John Hoeven,"Tompson-Hoeven Partnership
 Bismarck, North Dakota",ND,Tompson-Hoeven Partnership,Thompson-Hoeven
john n kennedy,"A.P. Kennedy
 Family Securities LLC - JK has 1/3 interest
 
 Company: A.P. Kennedy Family Securities
 LLC (Madisonville,
 LA) Description: LLC Filer
 comment: Investment company/LLC",LA,"A.P. Kennedy
  Family Securities LLC",A.P. Kennedy
John N Kennedy,"A.P. Kennedy Family Securities LLC
 Madisonville, Louisiana",LA,A.P. Kennedy Family Securities LLC,A.P. Kennedy
John N Kennedy,"A.P. Kennedy Family Real Estate LLC
 Madisonville, Louisiana",LA,A.P. Kennedy Family Real Estate LLC,A.P. Kennedy
John N Kennedy,"Allied Builders Supply Inc.
 Madisonville, Louisiana",LA,Allied Builders Supply Inc.,Allied Builders Supply
john n kennedy,"APK Minerals LLC -
 JK has 1/3 interest
 
 Company: APK Minerals LLC (Olympia,
 Washington) Description: LLC",WA,APK Minerals LLC,APK Minerals
John N Kennedy,"APK Minerals LLC
 Madisonville, Louisiana",LA,APK Minerals LLC,APK Minerals
john n kennedy,"First Louisiana
 Investment Properties LLC - JK has 1/3 interest
 
 Company: First Louisiana Investment
 Properties LLC (Madisonville,
 Louisiana) Description: Investment
 Company",LA,"First Louisiana
  Investment Properties LLC",First Louisiana
John N Kennedy,"First Louisiana Investment Properties, LLC
 Madisonville, Louisiana",LA,"First Louisiana Investment Properties, LLC",First Louisiana Investment Properties
john n kennedy,"Greenwave Property
 LLC - 1/3 interest
 
 Company: Greenwave Property LLC
 (Madisonville,
 Louisiana) Description: LLC Filer
 comment: Real estate holding company; this represents gross
 income (wife's share)",LA,Greenwave Property LLC,Greenwave
John N Kennedy,"John Neely Kennedy APLC
 Madisonville, Louisiana",LA,John Neely Kennedy APLC,NA
john n kennedy,"22nd Judicial District CourtCovington, LA",,22nd Judicial District Court,NA
John N Kennedy,"North Parish Development Corporation
 Madisonville, Louisiana",LA,North Parish Development Corporation,North Parish Development
John N Kennedy,"The Oxvirvand Corporation
 Madisonville, Louisiana",LA,The Oxvirvand Corporation,Oxvirand
John N Kennedy,"The Presken Corporation
 Madisonville, Louisiana",LA,The Presken Corporation,Presken
john n kennedy,"RiverNorth
 Institutional Partners, LP
 Company: RiverNorth Institutional
 Partners, LP (Chicago, IL) Description: Limited
 Partnership Filer comment: This is a hedge fund that
 meets the definition",IL,"RiverNorth
  Institutional Partners, LP",RiverNorth
john n kennedy,"Tchoupitoulas
 Property LLC - 1/2 interest
 
 Company: Tchoupitoulas Property LLC
 (Metairie, LA) Description: LLC Filer
 comment: Real estate holding company; this represents gross
 income (wife's share)",LA,"Tchoupitoulas
  Property LLC",Tchoupitoulas
john r thune,"SanfordSioux Falls, SD",,Sanford,Sanford
john w hickenlooper,"Chipotle Mexican Grill, Inc.Newport Beach, CA",CA,"Chipotle Mexican Grill, Inc.",Chipotle Mexican Grill
john w hickenlooper,"GCI Liberty Inc.Englewood, CO",,GCI Liberty Inc.,GCI Liberty
john w hickenlooper,"Liberty Broadband CorporationEnglewood, CO",,Liberty Broadband Corporation,Liberty Broadband 
john w hickenlooper,"Liberty Media CorporationEnglewood, CO",,Liberty Media Corporation,Liberty Media 
john w hickenlooper,"Liberty TripAdvisor Holdings, Inc.Englewood, CO",,"Liberty TripAdvisor Holdings, Inc.",Liberty TripAdvisor Holdings
john w hickenlooper,"Qurate Retail Inc.West Chester, PA",,Qurate Retail Inc.,Qurate Retail
"joseph manchin, iii","A&P,
 LLC
 
 Company: A&P, LLC (Fairmont, West
 Virginia) Description: Commercial property
 investment and management",WV,"A&P,
  LLC",A&P
"joseph manchin, iii","AA Property
 LLC
 
 Company: AA Property LLC (Charleston,
 West Virginia) Description: Commercial property
 investment and management",WV,"AA Property
  LLC",AA Property
"Joseph Manchin, III","AA Property, LLC
 Fairmont, West Virginia",WV,"AA Property, LLC",AA Property
"joseph manchin, iii","Country Roads
 Marine, LLC
 
 Company: Country Road Marine, LLC
 (Charleston, West Virginia) Description: Owner
 of house boat",WV,"Country Roads
  Marine, LLC",Country Roads Marine
"Joseph Manchin, III","Country Roads Marine, LLC
 Charleston, West Virginia",WV,"Country Roads Marine, LLC",Country Roads Marine
"joseph manchin, iii","Farmington
 Resources, Inc. - Note Receivable
 Company: Farmington Resources, Inc.
 (Fairmont, West Virginia)",WV,"Farmington
  Resources, Inc.",Farmington Resources
"joseph manchin, iii","Manchin
 Enterprises
 
 Company: Manchin Enterprises (Fairmont,
 West Virginia) Description: General Partnership
 that own a Commercial Rental property",WV,"Manchin
  Enterprises",Manchin Enterprises
"Joseph Manchin, III","Manchin Enterprises
 Fairmont, West Virginia",WV,Manchin Enterprises,Manchin Enterprises
"joseph manchin, iii","MPM
 Properties
 
 Company: MPM Properties (Fairmont, West
 Virginia) Description: General Partnership that
 owns a piece of real estate",VA,"MPM
  Properties",MPM Properties
"Joseph Manchin, III","MPM Properties
 Fairmont, West Virginia",WV,MPM Properties,MPM Properties
"joseph manchin, iii","PolyPlexx,
 LLC
 Company: PolyPlexx, LLC (Charleston,
 West Virginia) Description: Chemical process
 patents",WV,"PolyPlexx,
  LLC",PolyPlexx
"joseph manchin, iii","VCalc LLC
 Company: VCalc LLC (Frederick,
 Maryland) Description: Social media productivity
 company that is building a calculator for the web and mobile
 devices.",MD,VCalc LLC,VCalc
"joseph manchin, iii","West Virginia
 Growth Investment LLC
 
 Company: West Virginia Growth
 Investment LLC (Charleston,
 WV) Description: Investment fund formed to
 invest in small businesses that operate in and around West
 Virginia Filer comment: Total investment in West
 Virginia Growth Investment LLC is $15,001 - $50,000. Underlying
 assets exceeding $1,000 are reported below.",WV,"West Virginia
  Growth Investment LLC",West Virginia Growth Investment
joshua d hawley,"Cowboy Rose Cattle
 Company LLC
 
 Company: Cowboy Rose Cattle Company LLC
 (Folsom, NM) Description: Ranch-agriculture and
 livestock Filer comment: Spouse holds one-third
 interest.",NM,"Cowboy Rose Cattle
  Company LLC",Cowboy Rose
joshua d hawley,"Guidepoint GlobalNew York, NY",,Guidepoint Global,Guidepoint Global
joshua d hawley,"Independent Women's ForumWashington, DC",,Independent Women's Forum,Independent Women's Forum
joshua d hawley,"Kirkland & EllisWashington, DC",,Kirkland & Ellis,Kirkland
joshua d hawley,"Winecup
 Ranch
 Description: Ranch-agriculture and
 livestock (Folsom, NM) Filer comment: Spouse holds
 1/3 interest in this asset. Asset value is spouse's proportionate
 share.",NM,"Winecup
  Ranch",NA
joshua d hawley,"Curators of the University of MissouriColumbia, MO",,Curators of the University of Missouri,NA
kevin j cramer,"Cramer For CongressBismarck, ND",,Cramer For Congress,NA
Kyrsten Sinema,"Arizona State University
 Phoenix, AZ",AZ,Arizona State University,NA
Kyrsten Sinema,"Sinema Consulting LLC
 Phoenix, AZ",AZ,Sinema Consulting LLC,Sinema Consulting
kyrsten sinema,"Three Sticks WinerySonoma, CA",,Three Sticks Winery,Three Sticks Winery
ladda tammy duckworth,"Foxhole Technology IncFairfax, VA",,Foxhole Technology Inc,Foxhole Technology
lisa a murkowski,"Alaska Permanent
 Fund Dividend
 Description: N/A (N/A,
 N/A)",AK,"Alaska Permanent
  Fund Dividend",NA
lisa a murkowski,"Alaska Permanent
 Fund Dividend
 Description: N/A (N/A,
 N/A)",AK,"Alaska Permanent
  Fund Dividend",NA
Lisa A Murkowski,"U.S. - Japan Friendship Commission
 Washington, DC",DC,U.S. - Japan Friendship Commission,NA
maggie hassan,"Onadune,
 LLC
 
 Company: Onadune, LLC (Boston,
 MA) Description: Shared ownership of rental
 property in RI",MA,"Onadune,
  LLC",Onadune
maggie hassan,"Onadune,
 LLC
 
 Company: Onadune, LLC (Boston,
 MA) Description: Shared ownership of rental
 property in RI",MA,"Onadune,
  LLC",Onadune
Maggie Hassan,"Onadune, LLC
 Boston, MA",MA,"Onadune, LLC",Onadune
maggie hassan,"School Year Abroad, Inc.North Andover, MA",,"School Year Abroad, Inc.",School Year Abroad
marco rubio,"JDR EventsMiami, FL",,JDR Events,JDR Events
Marco Rubio,"Florida International University
 Miami, FL",FL,Florida International University,NA
marco rubio,"Florida International UniversityMiami, FL",,Florida International University,NA
maria cantwell,"Cantwell 2000
 Campaign Loan
 Company: Cantwell 2000 Campaign
 (Seattle, WA) Filer comment: Loan to Senate
 Campaign",WA,"Cantwell 2000
  Campaign Loan",NA
Mark E Kelly,"El Campo Center LLC
 Tucson, AZ",AZ,El Campo Center LLC,El Campo Center
Mark E Kelly,"Kelly Aerospace Consulting LLC
 Tucson, AZ",AZ,Kelly Aerospace Consulting LLC,Kelly Aerospace
mark e kelly,"Lightspeed
 Partners LLC
 Company: Lightspeed Partners LLC
 (Tucson, AZ) Description: Media
 Production",AZ,"Lightspeed
  Partners LLC",Lightspeed Partners
Mark E Kelly,"Lightspeed Partners LLC
 Tucson, AZ",AZ,Lightspeed Partners LLC,Lightspeed Partners 
mark e kelly,"Mal Pais
 Entertainment LLC
 Description: American Esports
 organization (Newark, NJ) Filer comment: Asset
 no longer held.",NJ,"Mal Pais
  Entertainment LLC",Mal Pais Entertainment
mark r warner,"911 King Street
 Associates LLC
 Company: 911 King Street Associates LLC
 (Alexandria, VA) Description: Management
 Company",VA,"911 King Street
  Associates LLC",911 King Street
mark r warner,"Airwest IX
 Warehouse
 Description: Real
 Estate (Plainfield, IN)",IN,"Airwest IX
  Warehouse",Airwest IX Warehouse
mark r warner,"Alexandria NBIS
 Investors, LLC
 
 Company: Alexandria NBIS Investors, LLC
 (Alexandria, VA) Description: Investment
 Company",VA,"Alexandria NBIS
  Investors, LLC",Alexandria NBIS
mark r warner,"Apollo Credit
 Fund, LP
 Description: Private
 Credit (Purchase, NY)",NY,"Apollo Credit
  Fund, LP",Apollo Credit
mark r warner,"Base4 Group,
 Inc.
 Description: Wholesale
 Company (Dallas, TX)",TX,"Base4 Group,
  Inc.",Base4
mark r warner,"BetterCloud
 Description: Cloud Storage
 Company (New York, NY)",NY,BetterCloud,BetterCloud
mark r warner,"BSCP SBIC I,
 LP
 Description: Private
 Credit (Alexandria, VA)",VA,"BSCP SBIC I,
  LP",BSCP SBIC 
mark r warner,"Construction
 Partners, Inc. (dba SunTx CPI Growth Company, Inc.)
 Description: Construction
 Company (Dothan, AL)",AL,"Construction
  Partners, Inc.",Construction Partners
mark r warner,"EB 480 Sprague,
 LLC
 Company: EB 480 Sprague, LLC (Dedham,
 MA) Description: Real Estate",MA,"EB 480 Sprague,
  LLC",EB 480 Sprague
mark r warner,"Empire Petroleum
 Partners LLC
 Company: Empire Petroleum Partners LLC
 (Gaithersburg, MD) Description: Energy
 Company",MD,"Empire Petroleum
  Partners LLC",Empire Petroleum
mark r warner,"EMSG LLC
 Company: EMSG LLC (Rockville,
 MD) Description: Secured Debt",MD,EMSG LLC,EMSG
mark r warner,"Innovation Tech
 Investors, Inc.
 Description: Security Systems
 Company (Earth City, MO) Filer comment: Formerly
 known as Interface Security Holdings, Inc.",MO,"Innovation Tech
  Investors, Inc.",Innovation Tech Investors
mark r warner,"Interface Security
 Holdings, Inc.
 Description: Security Systems
 Company (Earth City, MO) Filer comment:
 Transferred to SunTx Fulcrum Fund, L.P.",MO,"Interface Security
  Holdings, Inc.",Interface Security Holdings
mark r warner,"Interface Security
 Holdings, Inc.
 Description: Security Systems
 Company (Earth City, MO) Filer comment:
 Transferred to SunTx Fulcrum Fund, LP",MO,"Interface Security
  Holdings, Inc.",Interface Security Holdings
Mark R Warner,"The Kennedy Center
 Washington, DC",DC,The Kennedy Center,Kennedy Center
mark r warner,"MRW Biotech
 Investors, LLC
 
 Company: MRW Biotech Investors, LLC
 (Alexandria, VA) Description: Investment
 Company",VA,"MRW Biotech
  Investors, LLC",MRW Biotech
mark r warner,"MRW Home,
 LLC
 
 Company: MRW Home, LLC (Alexandria,
 VA) Description: Disregarded Entity",VA,"MRW Home,
  LLC",MRW Home
mark r warner,"MRW Office,
 LLC
 
 Company: MRW Office, LLC (Alexandria,
 VA) Description: Disregarded Entity",VA,"MRW Office,
  LLC",MRW Office
mark r warner,"MSR-EB Waterfront
 Venture LLC (The Pointe at Stono Shores)
 Company: MSR-EB Waterfront Venture LLC
 (Charleston, SC) Description: Real
 Estate",SC,"MSR-EB Waterfront
  Venture LLC",MSR-EB Waterfront
mark r warner,"Murray Bonitt
 Receivable
 Debtor: Murray Bonitt",,"Murray Bonitt
 Receivable",NA
mark r warner,"Residence at North
 Penn
 Description: Real
 Estate (Stamford, CT)",CT,"Residence at North
  Penn",NA
Mark R Warner,"Collis Warner Foundation
 Alexandria, VA",VA,Collis Warner Foundation,NA
mark r warner,"NationsBuilders
 Insurance Services, Inc.
 Description: Insurance
 Company (Atlanta, GA)",GA,"NationsBuilders
  Insurance Services, Inc.",NationsBuilders
mark r warner,"Park Group,
 Inc.
 Description: Insurance
 Company (Dallas, TX)",TX,"Park Group,
  Inc.",Park Group 
mark r warner,"Revival LOC,
 LLC
 Description: Line of Credit -
 Manufacturer (Springfield, NJ)",NJ,Revival LOC,Revival 
mark r warner,"TZG-Sachs Empire
 LLC
 
 Company: TZG-Sachs Empire LLC
 (Rockville, MD) Description: Investment
 Fund",MD,"TZG-Sachs Empire
  LLC",TZG-Sachs
mark r warner,"Vista Credit
 Partners Fund III, LP
 Description: Private
 Credit (Oakland, CA)",CA,"Vista Credit
  Partners Fund III, LP",Vista Credit
mark r warner,"West Deptford
 Energy Holdings, LLC
 Company: West Deptford Energy Holdings,
 LLC (New York, NY) Description: Energy
 Company",NY,"West Deptford
  Energy Holdings, LLC",West Deptford Energy
mark r warner,"Wilton GSE
 LLC
 Company: Wilton GSE LLC (Wilton,
 CT) Description: Real Estate",CT,"Wilton GSE
  LLC",Wilton GSE
marsha blackburn,"Strategic Sales Tactics IncBrentwood, TN",,Strategic Sales Tactics Inc,Strategic Sales Tactics
martin heinrich,"Meow Wolf, Inc.Santa Fe, NM",,"Meow Wolf, Inc.",Meow Wolf 
martin heinrich,"Powell TateWashington, DC",,Powell Tate,Powell Tate
Mazie K Hirono,"Hawaii Employees Retirement System
 Honolulu, HI",,Hawaii Employees Retirement System,Hawaii Employees Retirement Systems
mazie k hirono,"Oshima &
 Itomura, AAL, ALC
 
 Description: Law Firm (Honolulu,
 HI)",HI,"Oshima &
  Itomura, AAL, ALC",Oshima & Itomura
mazie k hirono,"Oshima, Itomura & Fujimoto, AAL, ALCHONOLULU, HAWAII",,"Oshima, Itomura & Fujimoto, AAL","Oshima, Itomura & Fujimoto"
michael d crapo,"Biominetix JV
 LLC
 Company: Biominetix JV LLC (Englewood,
 Colorado) Description: Funds research and
 clinical trials on a new class of drugs,
 metalloporthyrins. Filer comment: Business did not
 generate any income.",CO,"Biominetix JV
  LLC",Biominetix
michael d crapo,"Crapo Enterprises
 LLC
 
 Company: Crapo Enterprises LLC
 (Bountiful, UT) Description: Business entity
 that holds residential property",UT,"Crapo Enterprises
  LLC",Crapo
Michael D Crapo,"Crapo Enterprises LLC
 Bountiful, UT",UT,Crapo Enterprises LLC,Crapo
Michael D Crapo,"Crapo Estate Holdings LLC
 Idaho Falls, ID",ID,Crapo Estate Holdings LLC,Crapo
michael d crapo,"Crapo Estate
 Holdings LLC
 
 Company: Crapo Estate Holdings LLC
 (Idaho Falls, ID) Description: Business entity
 that holds ranchland",ID,"Crapo Estate
  Holdings LLC",Crapo 
michael d crapo,"Crapo Victory CommitteeWashington, DC",,Crapo Victory Committee,NA
michael d crapo,"Pharma Partners
 LLC
 
 Company: Pharma Partners LLC
 (Englewood, Colorado) Description: Funds
 research and clinical trials on a new class of drugs,
 metalloporphyrins.",CO,"Pharma Partners
  LLC",Pharma Partners
Michael D Crapo,"Pharma Partners, LLC
 Englewood, Colorado",CO,"Pharma Partners, LLC",Pharma Partners
michael f bennet,"Continuum Real
 Estate Investors 2016, LLC
 
 Company: Continuum Real Estate
 Investors 2016, LLC (Denver,
 CO) Description: Commercial Real
 Estate",CO,"Continuum Real
  Estate Investors 2016, LLC",Continuum Real Estate Investors
michael f bennet,"Madeira Capital
 Investments Limited
 
 Company: Madeira Capital Investments
 Limited (Ebene, Muritius
 (India)) Description: Private Equity -
 Retail",INDIA,"Madeira Capital
  Investments Limited",Madeira Capital Investments
michael f bennet,"Daggett Farms
 Limited Partnership
 Description: 1500 acre family farm
 (Marianna, AR) Filer comment: 9.42% limited
 partnership",AR,"Daggett Farms
  Limited Partnership",NA
michael f bennet,"LMD Farms Limited
 Partnership
 Description: 1500 acre family farm
 (Marianna, AR) Filer comment: 8.97% limited
 partnership",AR,"LMD Farms Limited
  Partnership",NA
michael f bennet,"More
 Description: Grocery Chain (Ebene,
 Muritius (India))",INDIA,"Grocery Chain (Ebene,
  Muritius (India))",NA
michael f bennet,"University of Denver Law SchoolDenver, CO",,University of Denver Law School,NA
Michael S Lee,"Howrey LLP
 Salt Lake City, UT",,Howrey LLP,Howrey
michael s lee,"Self EmployedProvo, UT",,Self Employed,NA
mike braun,"Finishing TouchesJasper, IN",IN,Finishing Touches,Finishing Touches
mike braun,"Maple Land, LLC
 (50% ownership)
 
 Company: Maple Land, LLC (Owensville,
 IN) Description: Farming",IN,"Maple Land, LLC",Maple Land 
Mike Braun,"Maple Land Co LLC
 Haubstadt, Indiana",IN,Maple Land Co LLC,Maple Land 
mike braun,"Norman
 Contract
 Debtor: Charles & Betty
 Norman",,"Norman
  Contract",NA
mike rounds,"Aeronics,
 Inc
 Company: Aeronics, Inc (Austin,
 TX) Description: Equipment
 Manufacturing",TX,"Aeronics,
  Inc",Aeronics 
mike rounds,"Bird Dog
 Hospitality Fund I, LLC
 
 Company: Bird Dog Hospitality Fund I,
 LLC (Sioux Falls, SD) Description: Business
 Entity which holds underlying assets. Filer comment:
 This asset name was previously listed as Bird Dog Hospitality Fund
 in last years filing. The asset name was only changed to reflect a
 more accurate description",SD,"Bird Dog
  Hospitality Fund I, LLC",Bird Dog Hospitality 
mike rounds,"Bird Dog
 Hospitality I, LLC
 
 Company: Bird Dog Hospitality I, LLC
 (Sioux Falls, SD) Description: Business Entity
 which holds underlying asset",SD,"Bird Dog
  Hospitality I, LLC",Bird Dog Hospitality 
mike rounds,"Bird Dog
 Hospitality II, LLC
 
 Company: Bird Dog Hospitality II, LLC
 (Sioux Falls, SD) Description: Business Entity
 which holds underlying asset",SD,"Bird Dog
  Hospitality II, LLC",Bird Dog Hospitality 
mike rounds,"Bird Dog
 Hospitality III, LLC
 
 Company: Bird Dog Hospitality III, LLC
 (Sioux Falls, SD) Description: Business Entity
 which holds underlying asset",SD,"Bird Dog
  Hospitality III, LLC",Bird Dog Hospitality 
mike rounds,"Bird Dog
 Hospitality IV, LLC
 
 Company: Bird Dog Hospitality IV, LLC
 (Sioux Falls, SD) Description: Business Entity
 which holds underlying asset",SD,"Bird Dog
  Hospitality IV, LLC",Bird Dog Hospitality 
mike rounds,"Bird Dog
 Hospitality V, LLC
 
 Company: Bird Dog Hospitality V, LLC
 (Sioux Falls, SD) Description: Business Entity
 which holds underlying asset",SD,"Bird Dog
  Hospitality V, LLC",Bird Dog Hospitality 
mike rounds,"Bird Dog
 Hospitality Fund II, LLC
 
 Company: Bird Dog Hospitality Fund II,
 LLC (Sioux Falls, SD) Description: Business
 Entity which holds underlying asset",SD,"Bird Dog Hospitality Fund II,
  LLC",Bird Dog Hospitality 
mike rounds,"BDH2 -
 Marshall
 
 Company: Bird Dog Hospitality 2 (Sioux
 Falls, SD) Description: Business Entity which
 holds underlying asset",SD,Bird Dog Hospitality 2,Bird Dog Hospitality 
mike rounds,"BDH2 -
 Valentine
 
 Company: Bird Dog Hospitality 2 (Sioux
 Falls, SD) Description: Business Entity which
 holds underlying asset",SD,Bird Dog Hospitality 2,Bird Dog Hospitality 
mike rounds,"BDH2 - New
 Ulm
 
 Company: Bird Dog Hospitality 2 (Sioux
 Falls, SD) Description: Business Entity which
 holds underlying asset",SD,Bird Dog Hospitality 2,Bird Dog Hospitality 
mike rounds,"BDH2 -
 Shoreview
 
 Company: Bird Dog Hospitality 2 (Sioux
 Falls, SD) Description: Business Entity which
 holds underlying asset",SD,Bird Dog Hospitality 2,Bird Dog Hospitality 
Mike Rounds,"Bird Dog Hospitality Fund II
 Sioux Falls, SD",SD,Bird Dog Hospitality Fund II,Bird Dog Hospitality 
mike rounds,"Bird Dog LLU,
 LLC
 Company: Bird Dog LLU, LLC (Sioux
 Falls, SD) Description: Marketing
 Company",SD,"Bird Dog LLU,
  LLC",Bird Dog LLU
Mike Rounds,"Bird Dog Hospitality Fund I
 Sioux Falls, SD",SD,Bird Dog Hospitality Fund I,Bird Dog Hospitality 
mike rounds,"Fashion Audio,
 LLC
 Company: Fashion Audio, LLC (Irvine,
 CA) Description: Audio Equipment
 Sales",CA,"Fashion Audio,
  LLC",Fashion Audio 
mike rounds,"FRA, LLC
 
 Company: FRA, LLC (Pierre,
 SD) Description: Farm ownership",SD,"FRA, LLC","FRA, LLC"
mike rounds,"FRA Farm
 Description: Farm (Pierre,
 SD)",SD,FRA Farm,"FRA, LLC"
Mike Rounds,"FRA, LLC
 Pierre, SD",SD,"FRA, LLC","FRA, LLC"
Mike Rounds,"Lake Sharpe Investments, LLC
 Pierre, SD",SD,"Lake Sharpe Investments, LLC",Lake Sharpe Investments
mike rounds,"Lake Sharpe
 Investments, LLC
 
 Company: Lake Sharpe Investments, LLC
 (Pierre, SD) Description: Investments (Assets
 Below)",SD,"Lake Sharpe
  Investments, LLC",Lake Sharpe Investments 
mike rounds,"Locals Love Us,
 LLC
 Company: Locals Love Us, LLC (Sioux
 Falls, SD) Description: Business Advertisement
 and Marketing",SD,"Locals Love Us,
  LLC",Locals Love Us 
mike rounds,"Nordic Venture
 Partners Fund II, LLC
 
 Company: Nordic Venture Partners Fund,
 II (Sioux Falls,
 SD) Description: Investments",SD,"Nordic Venture
  Partners Fund II, LLC",Nordic Venture
mike rounds,"Novita,
 LLC
 Company: Novita, LLC (Brookings,
 SD) Description: Agriculture Technology - animal
 nutrition production",SD,"Novita,
  LLC",Novita 
mike rounds,"Roundtable
 Farm
 Description: Farmland (Lyman County,
 SD) Filer comment: (Underlying asset to Roundtable,
 LLC)",SD,"Roundtable
  Farm",Roundtable Farm
Mike Rounds,"Roundtable, LLC
 Fort Pierre/Lyman County, SD",SD,"Roundtable, LLC",Roundtable Farm
mike rounds,"Roundtable,
 LLC
 
 Company: Roundtable, LLC (Fort Pierre,
 SD) Description: Farm",SD,"Roundtable,
  LLC",Roundtable Farm
Patrick J Leahy,"World Hunger Year
 New York, New York",NY,World Hunger Year,World Hunger Year
patrick j toomey,"BPG Investment
 Partnership IX, L.P. (Fund IX)
 Company: Equus Capital Partners, Ltd.
 (Newtown Square, PA) Description: Closed end
 private equity real estate fund",PA,BPG Investment,BPG Investment
patrick j toomey,"Equus Investment
 Partnership X, L.P.
 Company: Equus Capital Partners, Ltd.
 (Newtown Square, PA) Description: Closed end
 private equity real estate fund",PA,"Equus Investment
  Partnership X, L.P.",Equus Capital Partners
Patrick J Toomey,"N-35727, Inc.
 Allentown, PA",PA,"N-35727, Inc.",N-35727
patrick j toomey,"Personal Loan to
 S. Toomey
 Debtor: Steve Toomey",,"Personal Loan to
  S. Toomey",NA
patrick j toomey,"Personal Loan to
 Old Mill Partners
 Company: Old Mill Partners (Allentown,
 PA)",PA,Old Mill Partners,NA
patrick j toomey,"Personal Loan #2
 to Old Mill Partners
 Company: Old Mill Partners (Allentown,
 PA)",PA,Old Mill Partners,NA
patrick j toomey,"Old Mill
 Partners
 
 Company: Old Mill Partners (Allentown,
 PA) Description: Real estate limited
 partnership. Filer comment: Through this partnership,
 Sen. Toomey and his wife are sole owners of a home and a separate
 plot of undeveloped land on Block Island, RI.",PA,"Old Mill
  Partners",Old Mill Partners
Patrick J Toomey,"Old Mill Partners
 Allentown, PA",PA,Old Mill Partners,Old Mill Partners
patrick j toomey,"Patriot Financial
 Partners II
 Company: Patriot Financial Partners,
 L.P. (Philadelphia, PA) Description: A closed
 private equity fund which invests in small banks",PA,"Patriot Financial Partners,
  L.P.",Patriot Financial
patrick j toomey,"SRI Capital Fund
 I, L.P.
 
 Company: SRI Capital (Philadelphia,
 PA) Description: Venture capital fund that
 invests in startup technology companies.",PA,"SRI Capital Fund
  I, L.P.",SRI Capital 
patrick j toomey,"St Thomas More ParishAllentown, PA",,St Thomas More Parish,St Thomas More Parish
Rafael E Cruz,"CEP Investments Holdings Limited
 Kingston, Jamaica",JAMAICA,CEP Investments Holdings Limited,CEP Investments 
rafael e cruz,"Goldman Sachs and CoJersey City, NJ",NJ,Goldman Sachs and Co,Goldman Sachs
rafael e cruz,"Loan to Ted Cruz
 for Senate
 Company: Ted Cruz for Senate (Austin,
 Texas)",TX,"Loan to Ted Cruz
  for Senate",NA
Rand Paul,"Alchemy, LLC
 Bowling Green, KY",KY,"Alchemy, LLC",Alchemy
rand paul,"Alchemy,
 LLC
 
 Company: Alchemy, LLC (Bowling Green,
 KY) Description: real estate",KY,"Alchemy,
  LLC",Alchemy 
rand paul,"Carona
 Limited
 
 Company: Carona Limited (Lake Jackson,
 TX) Description: Rental property.",TX,"Carona
  Limited",Carona
rand paul,"CHANDLER REAL
 ESTATE PARTNERS XV LP
 Company: CHANDLER REAL ESTATE PARTNERS
 XV LP (Newport News, VA) Description: Investment
 in rental real estate",VA,"CHANDLER REAL
  ESTATE PARTNERS XV LP",Chandler Real Estate
rand paul,"Chandler Real
 Estate Partners XIV LP
 Company: Chandler Real Estate Partners
 XIV LP (Newport News,
 VA) Description: Investment in rental real
 estate",VA,"Chandler Real
  Estate Partners XIV LP",Chandler Real Estate
rand paul,"Chandler Real
 Estate Partners XIII LP
 Company: Chandler Real Estate Partners
 XIII LP (Newport News,
 VA) Description: Investment in rental real
 estate",VA,"Chandler Real
  Estate Partners XIII LP",Chandler Real Estate
rand paul,"Chandler Real
 Estate Partners XIX LP
 Company: Chandler Real Estate Partners
 XIX LP (Newport News,
 VA) Description: Investment in rental real
 estate",VA,"Chandler Real
  Estate Partners XIX LP",Chandler Real Estate
rand paul,"Chase Heritage
 Partners LP
 Company: Chase Heritage Partners LP
 (Newport News, VA) Description: Investment in
 rental real estate",VA,"Chase Heritage
  Partners LP",Chase Heritage
rand paul,"Receivable from
 Judgement Proceeds
 Debtor: Civil lawsuit damage
 award",,"Receivable from
  Judgement Proceeds",NA
rand paul,"The Strategy Group for Media IncDelaware, OH",,The Strategy Group for Media Inc,Strategy Group for Media
Raphael Warnock,"Ebenezer Baptist Church
 Atlanta, GA",GA,Ebenezer Baptist Church,Ebenezer Baptist Church
raphael warnock,"Ebenezer Baptist ChurchAtlanta, GA",GA,Ebenezer Baptist Church,Ebenezer Baptist Church
Raphael Warnock,"Georgia Interfaith Public Policy Center, Inc.
 Atlanta, GA",GA,"Georgia Interfaith Public Policy Center, Inc.",Georgia Interfaith 
Raphael Warnock,"GeorgiaALIVE
 Atlanta, GA",GA,GeorgiaALIVE,GeorgiaALIVE
raphael warnock,"Grain CapitalSarasota, FL",,Grain Capital,Grain Capital
Raphael Warnock,"Martin Luther King, Sr. Resources Collaborative
 Atlanta, GA",GA,"Martin Luther King, Sr. Resources Collaborative",Martin Luther King
Raphael Warnock,"Martin Luther King, Sr. Resources Collaborative
 Atlanta, GA",GA,"Martin Luther King, Sr. Resources Collaborative",Martin Luther King
raphael warnock,"Mt. Ennon Baptist Church TWBClinton, MD",,Mt. Ennon Baptist Church TWB,Mt. Ennon Baptist Church
raphael warnock,"Syracuse UniversitySyracuse, NY",,Syracuse University,NA
Raphael Warnock,"New Georgia Project
 Atlanta, GA",GA,New Georgia Project,New Georgia
raymond j tester,"Farmland
 Description: Family Farm Land (Big
 Sandy, MT)",MT,Farmland,NA
raymond j tester,"T-Bone Farms,
 Inc.
 Description: Farm Equipment and House
 (Big Sandy, MT)",MT,"T-Bone Farms,
  Inc.",T-Bone Farms
Raymond J Tester,"T-Bone Farms, Inc.
 Big Sandy, MT",MT,"T-Bone Farms, Inc.",T-Bone Farms
raymond j tester,"T-Bone Farms, Inc.Big Sandy, MT",,"T-Bone Farms, Inc.",T-Bone Farms
raymond j tester,"T-Bone Farms, Inc.Big Sandy, MT",,"T-Bone Farms, Inc.",T-Bone Farms
Richard C Shelby,"Tuscaloosa Title Company, Inc.
 Tuscaloosa, AL",AL,"Tuscaloosa Title Company, Inc.",Tuscaloosa Title Company
rick scott,"218 Maryland
 LLC
 
 Company: 218 Maryland LLC (Washington,
 DC) Description: Holding company",DC,"218 Maryland
  LLC",218 Maryland
rick scott,"Account Receivable
 from AG Super Fund, L.P.
 Company: AG Super Fund, L.P. (New York,
 NY)",NY,"AG Super Fund, L.P.",AG Super Fund
rick scott,"Account Receivable
 from AJ 2 Elliott LLC
 Company: AJ 2 Elliott LLC (New York,
 NY)",NY,AJ 2 Elliott LLC,AJ 2 Elliott
rick scott,"AJ 3 LLC
 
 Company: AJ 3 LLC (New York,
 NY) Description: Investment holding
 company",NY,AJ 3 LLC,AJ 3
rick scott,"AJ 3 LLC
 
 Company: AJ 3 LLC (New York,
 NY) Description: Investment holding
 company",NY,AJ 3 LLC,AJ 3
rick scott,"AJ I Gainline
 LLC
 
 Company: AJ I Gainline LLC (New York,
 NY) Description: Investment holding
 company",NY,"AJ I Gainline
  LLC",AJ I Gainline
rick scott,"AJ I Gainline
 LLC
 
 Company: AJ I Gainline LLC (New York,
 NY) Description: Investment holding
 company",NY,"AJ I Gainline
  LLC",AJ I Gainline
rick scott,"AJ I Gainline
 LLC
 
 Company: AJ I Gainline LLC (New York,
 NY) Description: Investment holding
 company",NY,"AJ I Gainline
  LLC",AJ I Gainline
rick scott,"AJ I Gainline
 LLC
 
 Company: AJ I Gainline LLC (New York,
 NY) Description: Investment holding
 company",NY,"AJ I Gainline
  LLC",AJ I Gainline
rick scott,"Columbia Collier
 Management, LLC
 
 Company: Columbia Collier Management,
 LLC (Naples, FL) Description: Company set up for
 purpose of ownership of airplane Filer comment:
 Ownership interest of company holding one airplane",FL,"Columbia Collier
  Management, LLC",Columbia Collier
rick scott,"DC Westlight
 LLC
 
 Company: DC Westlight LLC (Washington,
 DC) Description: LLC to hold residential real
 property",DC,"DC Westlight
  LLC",DC Westlight
rick scott,"DC Westlight
 LLC
 
 Company: DC Westlight LLC (Washington,
 DC) Description: LLC to hold residential real
 property",DC,"DC Westlight
  LLC",DC Westlight
rick scott,"Fulton Chain
 Acquisition LLC
 
 Company: Fulton Chain Acquisition LLC
 (Rowayton, CT) Description: Investment holding
 company",CT,"Fulton Chain
  Acquisition LLC",Fulton Chain
rick scott,"Fulton Chain
 Acquisition LLC
 
 Company: Fulton Chain Acquisition LLC
 (Rowayton, CT) Description: Investment holding
 company",CT,"Fulton Chain
  Acquisition LLC",Fulton Chain
rick scott,"Promissory
 Note
 Company: L&S Family Entertainment
 LLC (Hendersonville, TN)",TN,"L&S Family Entertainment
  LLC",L&S Family
rick scott,"Promissory
 Note
 Company: L&S Family Entertainment
 LLC (Hendersonville, TN)",TN,"L&S Family Entertainment
  LLC",L&S Family Entertainment
rick scott,"Promissory
 Note
 Company: L&S Family Entertainment
 LLC (Hendersonville, TN)",TN,"L&S Family Entertainment
  LLC",L&S Family Entertainment
rick scott,"Promissory
 Note
 Company: L&S Family Entertainment
 LLC (Hendersonville, TN)",TN,"L&S Family Entertainment
  LLC",L&S Family Entertainment
rick scott,"Account Receivable
 from Legion Partners Special Opportunities, L.P. XII
 Company: Legion Partners Special
 Opportunities, L.P. XII (Los Angeles, California)",CA,"Legion Partners Special
  Opportunities, L.P. XII",Legion Partners
rick scott,"Account Receivable
 from Moab Partners, L.P.
 Company: Moab Partners, L.P. (New York,
 NY)",NY,"Moab Partners, L.P.",Moab Partners
rick scott,"Account receivable
 from Mosquito Control Services, LLC
 Company: Mosquito Control Services, LLC
 (Metairie, LA) Filer comment: Income includes amount
 due received during period",LA,"Mosquito Control Services, LLC",Mosquito Control Services
rick scott,"Account receivable
 from Mosquito Control Services, LLC
 Company: Mosquito Control Services, LLC
 (Metairie, LA)",LA,"Mosquito Control Services, LLC",Mosquito Control Services
rick scott,"Account Receivable
 from AG Super Fund, L.P.
 Company: AG Super Fund, L.P. (New York,
 NY) Filer comment: Income includes amount due
 received during period",NY,"Account Receivable
  from AG Super Fund, L.P.",NA
rick scott,"Account Receivable
 from Nokomis Capital Partners, L.P.
 Company: Nokomis Capital Partners, L.P.
 (Dallas, TX) Filer comment: Income includes amount
 due received during period",TX,"Account Receivable
  from Nokomis Capital Partners, L.P.",NA
rick scott,"Account receivable
 from Mosquito Control Services, LLC
 Company: Mosquito Control Services, LLC
 (Metairie, LA) Filer comment: Income includes amount
 due received during period",LA,"Account receivable
  from Mosquito Control Services, LLC",NA
rick scott,"Promissory
 Note
 Company: L&S Family Entertainment
 LLC (Hendersonville, TN)",TN,"Promissory
  Note",NA
rick scott,"Promissory
 Note
 Company: L&S Family Entertainment
 LLC (Hendersonville, TN)",TN,"Promissory
  Note",NA
rick scott,"Account Receivable
 from Legion Partners Special Opportunities, L.P. XII
 Company: Legion Partners Special
 Opportunities, L.P. XII (Los Angeles, California)",CA,"Account Receivable
  from Legion Partners Special Opportunities, L.P. XII",NA
rick scott,"Account Receivable
 from Moab Partners, L.P.
 Company: Moab Partners, L.P. (New York,
 NY)",NY,"Account Receivable
  from Moab Partners, L.P.",NA
rick scott,"Account Receivable
 from Nokomis Capital Partners, L.P.
 Company: Nokomis Capital Partners, L.P.
 (Dallas, TX)",TX,"Account Receivable
  from Nokomis Capital Partners, L.P.",NA
rick scott,"Account Receivable
 from Rimrock High Income Plus (QP) Fund, L.P.
 Company: Rimrock High Income Plus (QP)
 Fund, L.P. (Irvine, California)",CA,"Account Receivable
  from Rimrock High Income Plus (QP) Fund, L.P.",NA
rick scott,"Account Receivable
 from AG Super Fund, L.P.
 Company: AG Super Fund, L.P. (New York,
 NY)",NY,"Account Receivable
  from AG Super Fund, L.P.",NA
rick scott,"Account Receivable
 from Legion Partners Special Opportunities, L.P. XII
 Company: Legion Partners Special
 Opportunities, L.P. XII (Los Angeles, California)",CA,"Account Receivable
  from Legion Partners Special Opportunities, L.P. XII",NA
rick scott,"Account Receivable
 from Moab Partners, L.P.
 Company: Moab Partners, L.P. (New York,
 NY)",NY,"Account Receivable
  from Moab Partners, L.P.",NA
rick scott,"Account Receivable
 from Nokomis Capital Partners, L.P.
 Company: Nokomis Capital Partners, L.P.
 (Dallas, TX)",TX,"Account Receivable
  from Nokomis Capital Partners, L.P.",NA
rick scott,"Account Receivable
 from Rimrock High Income Plus (QP) Fund, L.P.
 Company: Rimrock High Income Plus (QP)
 Fund, L.P. (Irvine, California)",CA,"Account Receivable
  from Rimrock High Income Plus (QP) Fund, L.P.",NA
rick scott,"Account Receivable
 from AG Super Fund, L.P.
 Company: AG Super Fund, L.P. (New York,
 NY)",NY,"Account Receivable
  from AG Super Fund, L.P.",NA
rick scott,"Account Receivable
 from Legion Partners Special Opportunities, L.P. XII
 Company: Legion Partners Special
 Opportunities, L.P. XII (Los Angeles, California)",CA,"Account Receivable
  from Legion Partners Special Opportunities, L.P. XII",NA
rick scott,"Account Receivable
 from Moab Partners, L.P.
 Company: Moab Partners, L.P. (New York,
 NY)",NY,"Account Receivable
  from Moab Partners, L.P.",NA
rick scott,"Account Receivable
 from Nokomis Capital Partners, L.P.
 Company: Nokomis Capital Partners, L.P.
 (Dallas, TX)",TX,"Account Receivable
  from Nokomis Capital Partners, L.P.",NA
rick scott,"Account Receivable
 from Rimrock High Income Plus (QP) Fund, L.P.
 Company: Rimrock High Income Plus (QP)
 Fund, L.P. (Irvine, California)",CA,"Account Receivable
  from Rimrock High Income Plus (QP) Fund, L.P.",NA
rick scott,"Loan to Cathy
 Gellatly
 Debtor: Cathy Gellatly",,"Loan to Cathy
  Gellatly",NA
rick scott,"Redemption from AG
 Super Fund, L.P.
 Company: AG Super Fund, L.P. (New York,
 NY)",NY,"Redemption from AG
  Super Fund, L.P.",NA
rick scott,"Account Receivable
 from Nokomis Capital Partners, L.P.
 Company: Nokomis Capital Partners, L.P.
 (Dallas, TX)",TX,"Nokomis Capital Partners, L.P.",Nokomis
rick scott,"Account Receivable
 from Pharmaca Investments, LLC
 Company: Pharmaca Investments, LLC
 (Rowayton, CT)",CT,"Pharmaca Investments, LLC",Pharmaca
rick scott,"Pharmaca
 Investments, LLC
 
 Company: Pharmaca Investments, LLC
 (Rowayton, CT) Description: Investment holding
 company",CT,"Pharmaca
  Investments, LLC",Pharmaca
rick scott,"Promissory
 Note
 Company: Pharmaca Investments, LLC
 (Rowayton, CT)",CT,"Promissory
  Note",Pharmaca Investments
rick scott,"Pharmaca
 Investments, LLC
 
 Company: Pharmaca Investments, LLC
 (Rowayton, CT) Description: Investment holding
 company",CT,"Pharmaca
  Investments, LLC",Pharmaca Investments
rick scott,"Pharmaca
 Investments, LLC
 
 Company: Pharmaca Investments, LLC
 (Rowayton, CT) Description: Investment holding
 company",CT,"Pharmaca
  Investments, LLC",Pharmaca Investments
rick scott,"Refundable Club
 Deposit 2
 Company: Red Sky (Wolcott,
 CO) Filer comment: Included for purposes of
 completeness.",CO,"Refundable Club
  Deposit 2
  Red Sky",Red Sky
rick scott,"Richard L. And F.
 Annette Scott Family Partnership, Ltd.
 
 Company: Richard L. And F. Annette
 Scott Family Partnership, Ltd. (Naples,
 FL) Description: Investment Limited
 Partnership",FL,"Richard L. And F.
  Annette Scott Family Partnership, Ltd.",Richard L and F Annette Scott Family Partnership
rick scott,"RLSI-CSP Capital
 Partners, LLC
 
 Company: RLSI-CSP Capital Partners, LLC
 (Rowayton, CT) Description: Investment holding
 company",CT,"RLSI-CSP Capital
  Partners, LLC",RLSI-CSP Captial
rick scott,"RLSI-CSP Capital
 Partners, LLC
 
 Company: RLSI-CSP Capital Partners, LLC
 (Rowayton, CT) Description: Investment holding
 company",CT,"RLSI-CSP Capital
  Partners, LLC",RLSI-CSP Captial
rick scott,"RLSI-CSP Capital
 Partners, LLC
 
 Company: RLSI-CSP Capital Partners, LLC
 (Rowayton, CT) Description: Investment holding
 company",CT,"RLSI-CSP Capital
  Partners, LLC",RLSI-CSP Captial Partners
rick scott,"RLSI-EMIDA Capital
 Partners, LLC
 
 Company: RLSI-EMIDA Capital Partners,
 LLC (Rowayton, CT) Description: Investment
 holding company",CT,"RLSI-EMIDA Capital
  Partners, LLC",RLSI-EMIDA
rick scott,"Account Receivable
 from RLSI-EMIDA Capital Partners, LLC
 Company: RLSI-EMIDA Capital Partners,
 LLC (Rowayton, CT)",CT,"RLSI-EMIDA Capital Partners, LLC",RLSI-EMIDA
rick scott,"RLSI-EMIDA Capital
 Partners, LLC
 
 Company: RLSI-EMIDA Capital Partners,
 LLC (Rowayton, CT) Description: Investment
 holding company",CT,"RLSI-EMIDA Capital
  Partners, LLC",RLSI-EMIDA Capital
rick scott,"RLSI-EMIDA Capital
 Partners, LLC
 
 Company: RLSI-EMIDA Capital Partners,
 LLC (Rowayton, CT) Description: Investment
 holding company",CT,"RLSI-EMIDA Capital
  Partners, LLC",RLSI-EMIDA Capital Partners
rick scott,"Refundable Club
 Deposit 1
 Company: Royal Poinciana (Naples,
 FL) Filer comment: Included for purposes of
 completeness.",FL,"Refundable Club
  Deposit 1
  Company: Royal Poinciana",Royal Poinciana
rick scott,"S&S Equity
 Partners I LLC
 
 Company: S&S Equity Partners I LLC
 (Rowayton, CT) Description: Investment holding
 company",CT,"S&S Equity
  Partners I LLC",S&S Equity
rick scott,"S&S Equity
 Partners I LLC
 
 Company: S&S Equity Partners I LLC
 (Rowayton, CT) Description: Investment holding
 company",CT,"S&S Equity
  Partners I LLC",S&S Equity
rick scott,"S&S Equity
 Partners I LLC
 
 Company: S&S Equity Partners I LLC
 (Rowayton, CT) Description: Investment holding
 company",CT,"S&S Equity
  Partners I LLC",S&S Equity Partners
rick scott,"S&S Sports,
 LLC
 
 Company: S&S Sports, LLC (Rowayton,
 CT) Description: Investment holding
 company",CT,"S&S Sports,
  LLC",S&S Sports
rick scott,"S&S Sports,
 LLC
 
 Company: S&S Sports, LLC (Rowayton,
 CT) Description: Investment holding
 company",CT,"S&S Sports,
  LLC",S&S Sports
rick scott,"S&S Sports,
 LLC
 
 Company: S&S Sports, LLC (Rowayton,
 CT) Description: Investment holding
 company",CT,"S&S Sports,
  LLC",S&S Sports
rick scott,"Valterra Products
 Holdings, LLC
 Company: Valterra Products Holdings,
 LLC (Mission Hills,
 CA) Description: Manufacturing and products
 supplier",CA,"Valterra Products
  Holdings, LLC",Valterra
rick scott,"Valterra Products
 Holdings, LLC
 Company: Valterra Products Holdings,
 LLC (Mission Hills,
 CA) Description: Manufacturing and products
 supplier",CA,"Valterra Products
  Holdings, LLC",Valterra
rick scott,"Valterra Products
 Holdings, LLC
 Company: Valterra Products Holdings,
 LLC (Mission Hills,
 CA) Description: Manufacturing and products
 supplier",CA,"Valterra Products
  Holdings, LLC",Valterra
rick scott,"VCA TCG Holdings,
 LLC
 Company: VCA TCG Holdings, LLC
 (Wilmington, DE) Description: Professional
 engineering and consulting services",DE,"VCA TCG Holdings,
  LLC",VCA TCG
rick scott,"VCA TCG Holdings,
 LLC
 Company: VCA TCG Holdings, LLC
 (Wilmington, DE) Description: Professional
 engineering and consulting services",DE,"VCA TCG Holdings,
  LLC",VCA TCG
rick scott,"VCA TCG Holdings,
 LLC
 Company: VCA TCG Holdings, LLC
 (Wilmington, DE) Description: Professional
 engineering and consulting services",DE,"VCA TCG Holdings,
  LLC",VCA TCG
robert j portman,"Member Interest in
 Lebanon House, Inc.
 
 Company: Lebanon House, Inc.
 (Cincinnati, OH) Description: Rental Property
 and Other Investment",OH,"Lebanon House, Inc.",Lebanon House 
Robert J Portman,"John Glenn College of Public Affairs at The Ohio State
 University
 Columbus, OH",OH,"John Glenn College of Public Affairs at The Ohio State
  University",NA
Robert J Portman,"Peavler LLC
 Cincinnati, OH",OH,Peavler LLC,Peavler
robert j portman,"Member Interest in
 Peavler, LLC
 
 Company: Peavler, LLC (Erlanger,
 Kentucky) Description: Rental
 Property",KY,"Peavler, LLC",Peavler 
robert j portman,"Lebanon House,
 Inc. Other
 Company: Rock Hospitality, LLC
 (Lebanon, OH) Description: Investment in
 Business, The Golden Lamb Filer comment: The income
 listed is gross receipts, not net income or profit. Profit was
 reinvested in the business.",OH,"Rock Hospitality, LLC",Rock Hospitality
Robert J Portman,"Shaker Properties LTD
 Cincinnati, OH",OH,Shaker Properties LTD,Shaker Properties
robert j portman,"Member Interest in
 Shaker Properties, Ltd
 
 Company: Shaker Properties, Ltd
 (Cincinnati, Ohio) Description: Rental
 Property",OH,"Shaker Properties, Ltd",Shaker Properties 
robert j portman,"Member Interest in
 Turkey Bottom Farm LLC
 
 Company: Turkey Bottom Farm LLC
 (Oregonia, Ohio) Description: Farm & Rental
 Property",OH,Turkey Bottom Farm LLC,Turkey Bottom
Robert J Portman,"Turkey Bottom Farm LLC
 Oregonia, OH",OH,Turkey Bottom Farm LLC,Turkey Bottom
"Robert P Casey, Jr","Lackawanna County Bar Association
 Scranton, PA",PA,Lackawanna County Bar Association,NA
"robert p casey, jr","Drexel UniversityPhiladelphia, PA",,Drexel University,NA
roger f wicker,"CTECBX -
 CTECBX
 Description: global asset management
 and investment advisory division of Guggenheim
 Partners (Chicago, IL)",IL,CTECBX,CTECBX
roger f wicker,"Vision to LearnLos Angeles, CA",,Vision to Learn,Vision to Learn
roger w marshall,"Club West of Great
 Bend LLC, 4% Interest
 Company: Club West of Great Bend LLC
 (Great Bend, KS) Description: Management of
 swimming pool",KS,"Club West of Great
  Bend LLC",Club West of Great Bend 
roger w marshall,"GBRH Properties
 2009, LLC, 14% Interest
 Company: GBRH Properties 2009, LLC, 14%
 Interest (Great Bend, KS) Description: Building,
 helicopter pad, intangible assets, cash",KS,"GBRH Properties
  2009, LLC",GBRH Properties
roger w marshall,"Healthcare
 Properties Fund 1, LLC, 2% Interest
 
 Company: Healthcare Properties Fund 1,
 LLC (Houston, TX) Description: Venture capital
 in hospitals",TX,"Healthcare
  Properties Fund 1, LLC",Healthcare Properties Fund 
roger w marshall,"iSelect Qualified
 Purchaser Fund, LLC
 Company: iSelect Qualified Purchaser
 Fund, LLC (St. Louis, MO) Description: Funds
 available for investment in iSelect",MO,"iSelect Qualified
  Purchaser Fund, LLC",iSelect Qualified
roger w marshall,"Personal
 Loan
 Company: LVMC, Inc. (Great Bend,
 KS)",KS,"LVMC, Inc.",LVMC
Roger W Marshall,"LVMC, Inc.
 Great Bend, KS",KS,"LVMC, Inc.",LVMC
roger w marshall,"25% Interest,
 LVMC, Inc.
 
 Company: LVMC, Inc. (Great Bend,
 KS) Description: Investment holding
 entity",KS,"LVMC, Inc.",LVMC 
roger w marshall,"Note receivable
 held by Farmers Bank & Trust, 25% Interest
 Company: Farmers Bank & Trust
 (Great Bend, KS)",KS,"Note receivable
  held by Farmers Bank & Trust",NA
roger w marshall,"NCM Bioscience
 Partners, LLC
 
 Company: Investment in Open Prairie
 Ventures II, LP (Leawood,
 KS) Description: Venture capital
 investments",KS,"NCM Bioscience
  Partners, LLC",NCM Bioscience
Roger W Marshall,"Quivira Ranch, Inc.
 Great Bend, KS",KS,"Quivira Ranch, Inc.",Quivira Ranch
Roger W Marshall,"Rattlesnake Ranch, Inc.
 Great Bend, KS",KS,"Rattlesnake Ranch, Inc.",Rattlesnake Ranch
Ron Johnson,"Grammie Jean Foundation, Inc.
 Oshkosh, WI",WI,"Grammie Jean Foundation, Inc.",Grammie Jean
ron johnson,"Receivable
 Company: Ron Johnson for Senate, Inc.
 (Washington, DC)",DC,"Ron Johnson for Senate, Inc.",NA
ron johnson,"SPY - SPDR
 S&P 500 ETF
 Description: Exchange Traded
 Fund (Boston, MA)",MA,"SPY - SPDR
  S&P 500 ETF",NA
ron johnson,"Pacur,
 LLC
 
 Company: Pacur, LLC (Oshkosh,
 WI) Description: Manufacturing - Plastic
 Extrusion",WI,"Pacur,
  LLC",Pacur
ron johnson,"Pacur,
 LLC
 Company: Pacur, LLC (Oshkosh,
 WI) Description: Manufacturing - Plastic
 Extrusion",WI,"Pacur,
  LLC",Pacur
ron johnson,"Pacur,
 LLC
 Company: Pacur, LLC (Oshkosh,
 WI) Description: Manufacturing - Plastic
 Extrusion",WI,"Pacur,
  LLC",Pacur
ron johnson,"Orchard at
 Picacho, LLC (0.73% Ownership Interest)
 Company: Orchard at Picacho, LLC
 (Picacho, AZ) Description: Land
 Development",AZ,"Orchard at
  Picacho, LLC",Picacho
ron johnson,"Ronald H. and Jane
 K. Johnson, LLC (100% Ownership Interest)
 
 Company: Ronald H. and Jane K. Johnson,
 LLC (Oshkosh, WI) Description: Commercial rental
 real estate",WI,"Ronald H. and Jane
  K. Johnson, LLC",Ronald H. and Jane K. Johnson
Ron Johnson,"Ronald H. and Jane K. Johnson, LLC
 Oshkosh, WI",WI,"Ronald H. and Jane K. Johnson, LLC",Ronald H. and Jane K. Johnson
ron l wyden,"Bass Book Trading,
 Inc (S-corp)
 Description: Book Trading (New
 York, NY)",NY,"Bass Book Trading,
  Inc (S-corp)",Bass Book
ron l wyden,"Bass Book Trading, IncNew York, NY",NY,"Bass Book Trading, Inc",Bass Book Trading
ron l wyden,"Bass Real Estate LLCNew York, NY",NY,Bass Real Estate LLC,Bass Real Estate
ron l wyden,"Bass Real Estate
 LLC
 Company: Bass Real Estate LLC (New
 York, NY) Description: Commercial Real Estate
 holding Filer comment: Holdings: 826 Broadway, New
 York, NY 10003",NY,"Bass Real Estate
  LLC",Bass Real Estate 
ron l wyden,"Coolidge 5101
 Sheridan LLC
 
 Company: Coolidge 5101 Sheridan LLC
 (Chicago, IL) Description: Holding
 company",IL,"Coolidge 5101
  Sheridan LLC",Coolidge 5101 Sheridan
ron l wyden,"Coolidge Des
 Plaines LLC
 
 Company: Coolidge Des Plaines LLC (Des
 Plaines, IL) Description: Holding
 company",IL,"Coolidge Des
  Plaines LLC",Coolidge Des Plaines 
ron l wyden,"Coolidge Evaston
 LLC
 
 Company: Coolidge Evaston LLC (Chicago,
 IL) Description: Holding company",IL,Coolidge Evaston LLC,Coolidge Evaston
ron l wyden,"Coolidge Oakleigh
 LLC
 
 Company: Coolidge Oakleigh LLC (Baton
 Rouge, LA) Description: Holding
 company",LA,"Coolidge Oakleigh
  LLC",Coolidge Oakleigh
ron l wyden,"Fitz Frames,
 Inc.
 Description: Custom eyeglass
 wear (Santa Monica, CA)",CA,"Fitz Frames,
  Inc.",Fitz Frames 
ron l wyden,"Leveque Parking
 Partners LLC
 
 Company: Leveque Parking Partners LLC
 (New York, NY) Description: Commercial Real
 Estate",NY,"Leveque Parking
  Partners LLC",Leveque
ron l wyden,"US Savings Bond
 Series I
 Description: US Savings
 Bond (Washington, DC)",DC,"US Savings Bond
  Series I",NA
ron l wyden,"Strand Book Store
 Inc. (S-Corp)
 Description: Book Store (New York,
 NY)",NY,"Strand Book Store
  Inc.",Strand Book Store 
ron l wyden,"Strand at Columbus
 Ave LLC
 Company: Strand at Columbus Ave LLC
 (New York, NY) Description: Book
 Store",NY,"Strand at Columbus
  Ave LLC",Strand at Columbus Ave 
ron l wyden,"Strand Book Store IncNew York, NY",,Strand Book Store Inc,Strand Book Store
roy blunt,"Ardagh Group SALuxembourg, Luxembourg",,Ardagh Group SA,Ardagh Group
roy blunt,"Churchill Coffee
 LTD Springfield MO
 Company: Churchill Coffee LTD
 Springfield MO (Springfield,
 MO) Description: Roaster and Retailer of
 Coffee",MO,"Churchill Coffee
  LTD Springfield MO",Churchill Coffee
roy blunt,"Farm
 Description: 5 Undeveloped Acres in
 Strafford, MO (Strafford, MO)",MO,Farm,NA
roy blunt,"Family
 Farm
 Description: Farm (Strafford,
 MO)",MO,"Family
  Farm",NA
roy blunt,"The Kraft Heinz CompanyWashington, DC",,The Kraft Heinz Company,The Kraft Heinz Company
senator_full_name,asset,state,asset_cleaned,cleaned_asset_name
sheldon whitehouse,"Atlantic CouncilWashington, DC",,Atlantic Council,NA
sheldon whitehouse,"Ocean ConservancyWashington, DC",,Ocean Conservancy,Ocean Conservancy
sheldon whitehouse,"Seaview Mezzanine
 LP
 
 Company: Seaview Mezzanine LP (New
 York, NY) Description: solution provider for
 print production, etc",NY,"Seaview Mezzanine
  LP",Seaview Mezzanine
sheldon whitehouse,"Symco Group Inc
 (inv of Seaview Mezzanine, LP
 Company: Symco Group Inc (Buford,
 GA) Description: solution provider to print
 production, etc",GA,Symco Group Inc,Symco
sheldon whitehouse,"T Acquisition Ltd
 Part(sole inv of MS TP Ltd Part
 
 Company: T Acquisition Partnership
 (Mayville, WI) Description: Sale of office
 supplies",WI,T Acquisition Ltd,T Acquisition
sheldon whitehouse,"TAB Prod Co LLC (a
 holding of T Acq Ltd)
 Company: TAB Prod Co LLC (Mayville,
 WI) Description: Sale of office
 supplies",WI,TAB Prod Co LLC,TAB Prod
sheldon whitehouse,"TAB Prod Canada( a
 holding of T Acq Ltd)
 Company: TAB Prod Canada (Ontario,
 Canada) Description: Sale of office
 supplies",CANADA,TAB Prod Canada,TAB Prod
sheldon whitehouse,"TAB Prod Europa (a
 holding of T Acq Ltd)
 Company: TAB Prod Europa (Amsterdam,
 Netherlands) Description: Sale of office
 supplies",NETHERLANDS,TAB Prod Europa,TAB Prod
sheldon whitehouse,"TAB Prod PTY Ltd (
 a holding of T Acq Ltd)
 Company: TAB Prod PTY Ltd (Stillwater,
 Australia) Description: Sale of Office
 Supplies",AUSTRALIA,TAB Prod PTY Ltd,TAB Prod
sheldon whitehouse,"MS TP Ltd
 Partnership
 
 Company: Tab Products (Mayville,
 WI) Description: Sale of Office
 Supplies Filer comment: Value is between $0 and
 $15,000. Ordinary loss for 2020 was $22,990.",WI,Tab Products,Tab Products
sheldon whitehouse,"White Ranch
 Minerals, Ltd.
 Description: Energy (Minneapolis,
 Minnesota)",MN,"White Ranch
  Minerals, Ltd.",White Ranch Minerals
shelley m capito,"Belle Meade
 Associates NY, L.P.
 Company: Belle Meade Associates NY,
 L.P. (New York, NY) Description: Pooled
 Investment Fund",NY,"Belle Meade
  Associates NY, L.P.",Belle Meade Associates
shelley m capito,"Belle Meade
 Associates NT LP
 Company: Belle Meade Associates (New
 York, NY) Description: Pooled Investment
 Fund",NY,"Belle Meade
  Associates NT LP",Belle Meade Associates
shelley m capito,"Citigroup Capital
 Partners II
 Company: Citigroup Capital Partners II
 (New York, NY) Description: Fund of
 funds",NY,"Citigroup Capital
  Partners II",Citigroup Capital Partners
shelley m capito,"CVCIGP II
 Company: CVCIGP II U.S. Employees LP
 (New York, NY) Description: Fund of
 funds",NY,CVCIGP II,CVCIGP
Shelley M Capito,"University of Charleston
 Charleston, WV",WV,University of Charleston,NA
sherrod brown,"Kent State UniversityKent, OH",,Kent State University,NA
steve daines,"Genesis
 
 Company: Genesis Business Park
 (Bozeman, MT) Description: Commercial real
 estate",MT,Genesis,Genesis Business Park
Steve Daines,"Genesis Partners
 Bozeman, MT-Montana",MT,Genesis Partners,Genesis Partners
steve daines,"U.S. SenateWashington, DC",,U.S. Senate,NA
Thomas H Tuberville,"Tommy Tuberville Foundation
 Auburn, AL",AL,Tommy Tuberville Foundation,NA
Thomas H Tuberville,"Tiger Farms, LLC
 Auburn, Alabama",AL,"Tiger Farms, LLC",Tiger Farms
thomas h tuberville,"Tiger Farms,
 LLC
 
 Company: Tiger Farms, LLC (Auburn,
 Alabama) Description: Real property holding
 company",AL,"Tiger Farms,
  LLC",Tiger Farms 
thomas j ossoff,"Emory HealthcareAtlanta, GA",GA,Emory Healthcare,Emory Healthcare
thomas j ossoff,"Insight
 TWI
 Company: Insight TWI (London,
 UK) Description: Media Production; Television
 & Film; Investigative Journalism",UNITED KINGDOM,"Insight
  TWI",Insight TWI
Thomas J Ossoff,"Insight TWI
 London, UK",UNITED KINGDOM,Insight TWI,Insight TWI
thomas j ossoff,"Edward Jones IRA
 Select - Growth Focus
 Description: Edward
 Jones (Maryland Heights, MO)",MO,Edward Jones IRA,NA
Thomas J Ossoff,"Georgia Conservation Voters
 Atlanta, GA",GA,Georgia Conservation Voters,NA
Thomas J Ossoff,"The World Investigates Foundation
 Atlanta, GA",GA,The World Investigates Foundation,NA
Thomas J Ossoff,"Tailwind Media, LLC
 Atlanta, GA",GA,"Tailwind Media, LLC",Tailwind Media
Thomas J Ossoff,"TWI Digital, LLC
 Atlanta, GA",GA,"TWI Digital, LLC",TWI
thomas r tillis,"Allen Tate RealtorsCornelius, NC",,Allen Tate Realtors,Allen Tate Realtors
Tim Scott,"CLEMSON UNIVERSITY
 CLEMSON, SC",SC,CLEMSON UNIVERSITY,NA
tim scott,"RIVERTOWN
 INVESTMENTS, LLC (50% INTEREST)
 
 Company: RIVERTOWN INVESTMENTS, LLC
 (CHARLESTON, SC) Description: RESIDENTIAL REAL
 ESTATE",SC,"RIVERTOWN
  INVESTMENTS, LLC",Rivertown
Tim Scott,"RIVERTOWN INVESTMENTS, LLC
 CHARLESTON, SC",SC,"RIVERTOWN INVESTMENTS, LLC",Rivertown Investments
Timothy M Kaine,"National Endowment for Democracy
 Washington, DC",DC,National Endowment for Democracy,NA
tina smith,"Accuitive Medical
 Ventures, LLC
 
 Company: Accuitive Medical Ventures,
 LLC (Duluth, GA) Description: Investment
 Company",GA,"Accuitive Medical
  Ventures, LLC",Accuitive
tina smith,"AMV Partners I,
 LP
 Company: AMV Partners I, LP (Duluth,
 GA) Description: Medical Device
 Company",GA,"AMV Partners I,
  LP",Accuitive
todd young,"Bloomington Shuttle ServiceBloomington, IN",,Bloomington Shuttle Service,Bloomington Shuttle Service
todd young,"Tucker & Tucker, PCBloomingtin, IN",,"Tucker & Tucker, PC",Tucker & Tucker 
Tom Cotton,"International Repubican Institute
 Washington, DC",DC,International Republican Institute,NA
tom cotton,"Hillsdale CollegeHillsdale, MI",,Hillsdale College,NA
tom cotton,"SLG Solutions
 LLC
 
 Company: SLG Solutions LLC (McLean,
 Viginia) Description: For business consulting
 and governance",VA,"SLG Solutions
  LLC",SLG Solutions
tom cotton,"SLG SolutionsMcLean, Virginia",,SLG Solutions,SLG Solutions
w. mitt romney,"8621 Georgia
 Associates LLC
 
 Company: 8621 Georgia Associates LLC
 (Potomac, MD) Description: Real
 Estate",MD,8621 Georgia Associates LLC,8621 Georgia
W. Mitt Romney,"Ann Romney Center for Neurologic Diseases
 Boston, MA",MA,Ann Romney Center for Neurologic Diseases,Ann Romney 
w. mitt romney,"Promissory Note
 with ACR Enterprises Inc
 Company: ACR Enterprises Inc (Moorpark,
 CA)",California,"Promissory Note
  with ACR Enterprises Inc",NA
W. Mitt Romney,"Romney Grandchildren, LLC
 Wilmington, DE",DE,"Romney Grandchildren, LLC",NA
W. Mitt Romney,"Romney Children, LLC
 Wilmington, DE",DE,"Romney Children, LLC",NA
W. Mitt Romney,"Kem C. Gardner Policy Institute at the University of Utah
 Salt Lake City, UT",UT,Kem C. Gardner Policy Institute at the University of Utah,NA
W. Mitt Romney,"International Republican Institute
 Washington, DC",DC,International Republican Institute,NA
w. mitt romney,"Rob Rom
 LLC
 Company: Rob Rom LLC (Moorpark,
 CA) Description: Horses/Horse
 Breeding",CA,"Rob Rom
  LLC",Rob Rom 
w. mitt romney,"Vantage 2
 LLC
 Company: Vantage 2 LLC (Moorpark,
 CA) Description: Horses/Horse
 Breeding",CA,"Vantage 2
  LLC",Vantage 2 
"william f hagerty, iv","Contour Venture
 Partners, LP
 Company: Contour Venture Partners
 (Princeton, NJ) Description: Early stage venture
 capital equity investments",NJ,"Contour Venture
  Partners, LP",Contour Venture Partners
"william f hagerty, iv","Contour
 Opportunity Fund
 Company: Contour Venture Partners
 (Princeton, NJ) Description: Early stage venture
 capital equity investments",NJ,Contour Venture Partners,Contour Venture Partners
"william f hagerty, iv","Contour
 Opportunity Fund II, LP
 Company: Contour Venture Partners
 (Princeton, NJ) Description: Early stage venture
 capital equity investments",NJ,Contour Venture Partners,Contour Venture Partners
"william f hagerty, iv","Distressed
 Managers IV, LP
 Company: Goldman Sachs (New York,
 NY) Description: Venture Equity Capital
 investments",NY,Distressed Managers,Distressed Managers
"william f hagerty, iv","Eakin Partners,
 LLC
 
 Company: Eakin Partners, LLC
 (Nashville, Tennessee) Description: Local real
 estate investments in Nashville, TN market",TN,"Eakin Partners,
  LLC",Eakin Partners
"William F Hagerty, IV","Fred Jones Enterprises
 Oklahoma City, Oklahoma",OK,Fred Jones Enterprises,Fred Jones Enterprises
"william f hagerty, iv","Fred Jones Enterprises LLCOklahoma City, Oklahoma",,Fred Jones Enterprises LLC,Fred Jones Enterprises
"William F Hagerty, IV","Hagerty Consulting
 Nashville, TN",TN,Hagerty Consulting,Hagerty Consulting
"William F Hagerty, IV","Hagerty Consulting
 Nashville, TN",,Hagerty Consulting,Hagerty Consulting
"William F Hagerty, IV","Hagerty Peterson
 Barrington, IL",,Hagerty Peterson,Hagerty Peterson 
"William F Hagerty, IV","Hall Capital Management Co
 Oklahoma City, Oklahoma",OK,Hall Capital Management Co,Hall Capital Management
"william f hagerty, iv","Hall Capital Management Co, LLCOklahoma City, Oklahoma",,"Hall Capital Management Co, LLC",Hall Capital Management
"william f hagerty, iv","Liquidity Partners
 III/Mezzanine Partners V Access LP
 Company: Goldman Sachs (New York,
 NY) Description: Mid stage venture capital
 equity investments",NY,Liquidity Partners III,Liquidity Partners
"William F Hagerty, IV","Main Street Management
 Nashville, TN",TN,Main Street Management,Main Street Management
"william f hagerty, iv","MainStreet
 Management
 
 Company: MainStreet Management
 (Nashville, TN) Description: Pass-through
 account",TN,"MainStreet
  Management",MainStreet
"william f hagerty, iv","Capital Partners
 VI
 Company: Goldman Sachs (New York,
 NY) Description: Real Estate Fund",NY,"Capital Partners
  VI",NA
"william f hagerty, iv","Contour Venture
 Partners II, LP
 Company: Contour Venture Partners
 (Princeton, NJ) Description: Early stage venture
 capital equity investments",NJ,"Contour Venture
  Partners II, LP",NA
"william f hagerty, iv","Contour Venture
 Partners III, LP
 Company: Contour Venture Partners
 (Princeton, NJ) Description: Early stage venture
 capital equity investments",NJ,"Contour Venture
  Partners III, LP",NA
"william f hagerty, iv","Contour Venture
 Partners IV, LP
 Company: Contour Venture Partners
 (Princeton, NJ) Description: Early stage venture
 capital equity investments",NJ,"Contour Venture
  Partners IV, LP",NA
"william f hagerty, iv","RJ O'Brien and AssociatesChicago, IL",,RJ O'Brien and Associates,NA
"William F Hagerty, IV","R J O'Brien and Associates, LLC
 Chicago, IL",IL,"R J O'Brien and Associates, LLC",R J O'Brien and Associates
"william f hagerty, iv","Roundstone
 Ventures, LLC
 
 Company: Roundstone Ventures, LLC
 (Nashville, TN) Description: 5% ownership
 interest",TN,"Roundstone
  Ventures, LLC",Roundstone Ventures
"William F Hagerty, IV","Roundstone Ventures, LLC
 Nashville, TN",TN,"Roundstone Ventures, LLC",Roundstone Ventures
"william f hagerty, iv","Silverpeak Legacy
 Fund, II LP
 Company: Silverpeak (New York,
 NY) Description: An alternative investment
 management firm with expertise in real estate, energy, real assets,
 and credit",NY,"Silverpeak Legacy
  Fund, II LP",Silverpeak 
"william f hagerty, iv","Silverpeak Legacy
 Fund, III LP
 Company: Silverpeak (New York,
 NY) Description: An alternative investment
 management firm with expertise in real estate, energy, real assets,
 and credit",NY,"Silverpeak Legacy
  Fund, III ",Silverpeak 
"william f hagerty, iv","Tennessee
 Community Ventures, LLC
 
 Company: Tennessee Community Ventures,
 LLC (Nashville, TN) Description: Early stage
 investment company",TN,"Tennessee
  Community Ventures, LLC",Tennessee Community Ventures
